{
  "run_info": {
    "copies": 1,
    "threads_per_copy": 1,
    "events_per_thread": 1,
    "extra_arguments": "-ggttgg -dbl -flt -inl0 --cpu"
  },
  "report": {
    "wl-scores": {
      "ggttgg-sa-cpp-d-inl0-best": 0.018949,
      "ggttgg-sa-cpp-d-inl0-none": 0.002316,
      "ggttgg-sa-cpp-f-inl0-best": 0.037842,
      "ggttgg-sa-cpp-f-inl0-none": 0.002424,
      "ggttgg-sa-cpp-d-inl0-sse4": 0.004506,
      "ggttgg-sa-cpp-f-inl0-sse4": 0.008654,
      "ggttgg-sa-cpp-d-inl0-avx2": 0.010241,
      "ggttgg-sa-cpp-f-inl0-avx2": 0.019765,
      "ggttgg-sa-cpp-d-inl0-512y": 0.011202,
      "ggttgg-sa-cpp-f-inl0-512y": 0.021822,
      "ggttgg-sa-cpp-d-inl0-512z": 0.018949,
      "ggttgg-sa-cpp-f-inl0-512z": 0.037842
    },
    "wl-stats": {
      "ggttgg-sa-cpp-d-inl0-best": {
        "avg": 0.018949,
        "median": 0.018949,
        "min": 0.018949,
        "max": 0.018949,
        "count": 1
      },
      "ggttgg-sa-cpp-d-inl0-none": {
        "avg": 0.002316,
        "median": 0.002316,
        "min": 0.002316,
        "max": 0.002316,
        "count": 1
      },
      "ggttgg-sa-cpp-f-inl0-best": {
        "avg": 0.037842,
        "median": 0.037842,
        "min": 0.037842,
        "max": 0.037842,
        "count": 1
      },
      "ggttgg-sa-cpp-f-inl0-none": {
        "avg": 0.002424,
        "median": 0.002424,
        "min": 0.002424,
        "max": 0.002424,
        "count": 1
      },
      "ggttgg-sa-cpp-d-inl0-sse4": {
        "avg": 0.004506,
        "median": 0.004506,
        "min": 0.004506,
        "max": 0.004506,
        "count": 1
      },
      "ggttgg-sa-cpp-f-inl0-sse4": {
        "avg": 0.008654,
        "median": 0.008654,
        "min": 0.008654,
        "max": 0.008654,
        "count": 1
      },
      "ggttgg-sa-cpp-d-inl0-avx2": {
        "avg": 0.010241,
        "median": 0.010241,
        "min": 0.010241,
        "max": 0.010241,
        "count": 1
      },
      "ggttgg-sa-cpp-f-inl0-avx2": {
        "avg": 0.019765,
        "median": 0.019765,
        "min": 0.019765,
        "max": 0.019765,
        "count": 1
      },
      "ggttgg-sa-cpp-d-inl0-512y": {
        "avg": 0.011202,
        "median": 0.011202,
        "min": 0.011202,
        "max": 0.011202,
        "count": 1
      },
      "ggttgg-sa-cpp-f-inl0-512y": {
        "avg": 0.021822,
        "median": 0.021822,
        "min": 0.021822,
        "max": 0.021822,
        "count": 1
      },
      "ggttgg-sa-cpp-d-inl0-512z": {
        "avg": 0.018949,
        "median": 0.018949,
        "min": 0.018949,
        "max": 0.018949,
        "count": 1
      },
      "ggttgg-sa-cpp-f-inl0-512z": {
        "avg": 0.037842,
        "median": 0.037842,
        "min": 0.037842,
        "max": 0.037842,
        "count": 1
      }
    },
    "log": "ok"
  },
  "app": {
    "version": "v0.6",
    "description": "Madgraph5_aMCatNLO madgraph4gpu benchmark (2022)",
    "cvmfs_checksum": "70fb8b581609b9e1f7dde9c41d8cd73f",
    "bmkdata_checksum": "d4c9152ed732e012ca54b6518bf3de93",
    "bmk_checksum": "b6d583102d66a48190c5b38bfef4b58a",
    "containment": "singularity"
  }
}
