{
  "run_info": {
    "copies": 64,
    "threads_per_copy": 1,
    "events_per_thread": 1,
    "extra_arguments": "-ggttgg -dbl -flt -inl0 --cpu"
  },
  "report": {
    "wl-scores": {
      "ggttgg-sa-cpp-d-inl0-best": 0.382297,
      "ggttgg-sa-cpp-d-inl0-none": 0.054858,
      "ggttgg-sa-cpp-f-inl0-best": 0.783737,
      "ggttgg-sa-cpp-f-inl0-none": 0.058704,
      "ggttgg-sa-cpp-d-inl0-sse4": 0.101083,
      "ggttgg-sa-cpp-f-inl0-sse4": 0.230803,
      "ggttgg-sa-cpp-d-inl0-avx2": 0.230776,
      "ggttgg-sa-cpp-f-inl0-avx2": 0.46538,
      "ggttgg-sa-cpp-d-inl0-512y": 0.266988,
      "ggttgg-sa-cpp-f-inl0-512y": 0.542302,
      "ggttgg-sa-cpp-d-inl0-512z": 0.382297,
      "ggttgg-sa-cpp-f-inl0-512z": 0.783737
    },
    "wl-stats": {
      "ggttgg-sa-cpp-d-inl0-best": {
        "avg": 0.005973,
        "median": 0.00592,
        "min": 0.005744,
        "max": 0.006347,
        "count": 64
      },
      "ggttgg-sa-cpp-d-inl0-none": {
        "avg": 0.000857,
        "median": 0.000859,
        "min": 0.000827,
        "max": 0.000881,
        "count": 64
      },
      "ggttgg-sa-cpp-f-inl0-best": {
        "avg": 0.012246,
        "median": 0.012041,
        "min": 0.011378,
        "max": 0.014543,
        "count": 64
      },
      "ggttgg-sa-cpp-f-inl0-none": {
        "avg": 0.000917,
        "median": 0.000923,
        "min": 0.000893,
        "max": 0.000948,
        "count": 64
      },
      "ggttgg-sa-cpp-d-inl0-sse4": {
        "avg": 0.001579,
        "median": 0.001591,
        "min": 0.001517,
        "max": 0.001658,
        "count": 64
      },
      "ggttgg-sa-cpp-f-inl0-sse4": {
        "avg": 0.003606,
        "median": 0.003628,
        "min": 0.00336,
        "max": 0.003863,
        "count": 64
      },
      "ggttgg-sa-cpp-d-inl0-avx2": {
        "avg": 0.003606,
        "median": 0.003596,
        "min": 0.003322,
        "max": 0.003869,
        "count": 64
      },
      "ggttgg-sa-cpp-f-inl0-avx2": {
        "avg": 0.007272,
        "median": 0.007234,
        "min": 0.006887,
        "max": 0.008142,
        "count": 64
      },
      "ggttgg-sa-cpp-d-inl0-512y": {
        "avg": 0.004172,
        "median": 0.004211,
        "min": 0.00399,
        "max": 0.004414,
        "count": 64
      },
      "ggttgg-sa-cpp-f-inl0-512y": {
        "avg": 0.008473,
        "median": 0.008471,
        "min": 0.007922,
        "max": 0.009387,
        "count": 64
      },
      "ggttgg-sa-cpp-d-inl0-512z": {
        "avg": 0.005973,
        "median": 0.00592,
        "min": 0.005744,
        "max": 0.006347,
        "count": 64
      },
      "ggttgg-sa-cpp-f-inl0-512z": {
        "avg": 0.012246,
        "median": 0.012041,
        "min": 0.011378,
        "max": 0.014543,
        "count": 64
      }
    },
    "log": "ok"
  },
  "app": {
    "version": "v0.6",
    "description": "Madgraph5_aMCatNLO madgraph4gpu benchmark (2022)",
    "cvmfs_checksum": "70fb8b581609b9e1f7dde9c41d8cd73f",
    "bmkdata_checksum": "d4c9152ed732e012ca54b6518bf3de93",
    "bmk_checksum": "b6d583102d66a48190c5b38bfef4b58a",
    "containment": "singularity"
  }
}
