{
  "run_info": {
    "copies": 10,
    "threads_per_copy": 1,
    "events_per_thread": 1,
    "extra_arguments": "-ggttgg -dbl -flt -inl0 --cpu"
  },
  "report": {
    "wl-scores": {
      "ggttgg-sa-cpp-d-inl0-best": 0.150552,
      "ggttgg-sa-cpp-d-inl0-none": 0.021413,
      "ggttgg-sa-cpp-f-inl0-best": 0.288922,
      "ggttgg-sa-cpp-f-inl0-none": 0.022446,
      "ggttgg-sa-cpp-d-inl0-sse4": 0.041142,
      "ggttgg-sa-cpp-f-inl0-sse4": 0.080792,
      "ggttgg-sa-cpp-d-inl0-avx2": 0.090507,
      "ggttgg-sa-cpp-f-inl0-avx2": 0.174502,
      "ggttgg-sa-cpp-d-inl0-512y": 0.099295,
      "ggttgg-sa-cpp-f-inl0-512y": 0.189478,
      "ggttgg-sa-cpp-d-inl0-512z": 0.150552,
      "ggttgg-sa-cpp-f-inl0-512z": 0.288922
    },
    "wl-stats": {
      "ggttgg-sa-cpp-d-inl0-best": {
        "avg": 0.015055,
        "median": 0.015055,
        "min": 0.014215,
        "max": 0.01606,
        "count": 10
      },
      "ggttgg-sa-cpp-d-inl0-none": {
        "avg": 0.002141,
        "median": 0.002131,
        "min": 0.002119,
        "max": 0.002198,
        "count": 10
      },
      "ggttgg-sa-cpp-f-inl0-best": {
        "avg": 0.028892,
        "median": 0.02725,
        "min": 0.025765,
        "max": 0.035041,
        "count": 10
      },
      "ggttgg-sa-cpp-f-inl0-none": {
        "avg": 0.002245,
        "median": 0.002239,
        "min": 0.002214,
        "max": 0.002302,
        "count": 10
      },
      "ggttgg-sa-cpp-d-inl0-sse4": {
        "avg": 0.004114,
        "median": 0.004111,
        "min": 0.003999,
        "max": 0.004241,
        "count": 10
      },
      "ggttgg-sa-cpp-f-inl0-sse4": {
        "avg": 0.008079,
        "median": 0.008123,
        "min": 0.00765,
        "max": 0.008419,
        "count": 10
      },
      "ggttgg-sa-cpp-d-inl0-avx2": {
        "avg": 0.009051,
        "median": 0.009079,
        "min": 0.00852,
        "max": 0.009294,
        "count": 10
      },
      "ggttgg-sa-cpp-f-inl0-avx2": {
        "avg": 0.01745,
        "median": 0.017478,
        "min": 0.016395,
        "max": 0.018574,
        "count": 10
      },
      "ggttgg-sa-cpp-d-inl0-512y": {
        "avg": 0.00993,
        "median": 0.009887,
        "min": 0.009455,
        "max": 0.010482,
        "count": 10
      },
      "ggttgg-sa-cpp-f-inl0-512y": {
        "avg": 0.018948,
        "median": 0.018936,
        "min": 0.017886,
        "max": 0.020376,
        "count": 10
      },
      "ggttgg-sa-cpp-d-inl0-512z": {
        "avg": 0.015055,
        "median": 0.015055,
        "min": 0.014215,
        "max": 0.01606,
        "count": 10
      },
      "ggttgg-sa-cpp-f-inl0-512z": {
        "avg": 0.028892,
        "median": 0.02725,
        "min": 0.025765,
        "max": 0.035041,
        "count": 10
      }
    },
    "log": "ok"
  },
  "app": {
    "version": "v0.6",
    "description": "Madgraph5_aMCatNLO madgraph4gpu benchmark (2022)",
    "cvmfs_checksum": "70fb8b581609b9e1f7dde9c41d8cd73f",
    "bmkdata_checksum": "d4c9152ed732e012ca54b6518bf3de93",
    "bmk_checksum": "b6d583102d66a48190c5b38bfef4b58a",
    "containment": "singularity"
  }
}
