{
  "run_info": {
    "copies": 2,
    "threads_per_copy": 1,
    "events_per_thread": 1,
    "extra_arguments": "-ggttgg -dbl -flt -inl0 --cpu"
  },
  "report": {
    "wl-scores": {
      "ggttgg-sa-cpp-d-inl0-best": 0.033155,
      "ggttgg-sa-cpp-d-inl0-none": 0.004611,
      "ggttgg-sa-cpp-f-inl0-best": 0.066062,
      "ggttgg-sa-cpp-f-inl0-none": 0.00477,
      "ggttgg-sa-cpp-d-inl0-sse4": 0.008815,
      "ggttgg-sa-cpp-f-inl0-sse4": 0.017182,
      "ggttgg-sa-cpp-d-inl0-avx2": 0.01941,
      "ggttgg-sa-cpp-f-inl0-avx2": 0.036499,
      "ggttgg-sa-cpp-d-inl0-512y": 0.021597,
      "ggttgg-sa-cpp-f-inl0-512y": 0.042342,
      "ggttgg-sa-cpp-d-inl0-512z": 0.033155,
      "ggttgg-sa-cpp-f-inl0-512z": 0.066062
    },
    "wl-stats": {
      "ggttgg-sa-cpp-d-inl0-best": {
        "avg": 0.016578,
        "median": 0.016578,
        "min": 0.016178,
        "max": 0.016978,
        "count": 2
      },
      "ggttgg-sa-cpp-d-inl0-none": {
        "avg": 0.002306,
        "median": 0.002306,
        "min": 0.002295,
        "max": 0.002316,
        "count": 2
      },
      "ggttgg-sa-cpp-f-inl0-best": {
        "avg": 0.033031,
        "median": 0.033031,
        "min": 0.032934,
        "max": 0.033128,
        "count": 2
      },
      "ggttgg-sa-cpp-f-inl0-none": {
        "avg": 0.002385,
        "median": 0.002385,
        "min": 0.002365,
        "max": 0.002405,
        "count": 2
      },
      "ggttgg-sa-cpp-d-inl0-sse4": {
        "avg": 0.004407,
        "median": 0.004407,
        "min": 0.00436,
        "max": 0.004455,
        "count": 2
      },
      "ggttgg-sa-cpp-f-inl0-sse4": {
        "avg": 0.008591,
        "median": 0.008591,
        "min": 0.008514,
        "max": 0.008668,
        "count": 2
      },
      "ggttgg-sa-cpp-d-inl0-avx2": {
        "avg": 0.009705,
        "median": 0.009705,
        "min": 0.009578,
        "max": 0.009832,
        "count": 2
      },
      "ggttgg-sa-cpp-f-inl0-avx2": {
        "avg": 0.01825,
        "median": 0.01825,
        "min": 0.018218,
        "max": 0.018281,
        "count": 2
      },
      "ggttgg-sa-cpp-d-inl0-512y": {
        "avg": 0.010799,
        "median": 0.010799,
        "min": 0.010739,
        "max": 0.010858,
        "count": 2
      },
      "ggttgg-sa-cpp-f-inl0-512y": {
        "avg": 0.021171,
        "median": 0.021171,
        "min": 0.021027,
        "max": 0.021315,
        "count": 2
      },
      "ggttgg-sa-cpp-d-inl0-512z": {
        "avg": 0.016578,
        "median": 0.016578,
        "min": 0.016178,
        "max": 0.016978,
        "count": 2
      },
      "ggttgg-sa-cpp-f-inl0-512z": {
        "avg": 0.033031,
        "median": 0.033031,
        "min": 0.032934,
        "max": 0.033128,
        "count": 2
      }
    },
    "log": "ok"
  },
  "app": {
    "version": "v0.6",
    "description": "Madgraph5_aMCatNLO madgraph4gpu benchmark (2022)",
    "cvmfs_checksum": "70fb8b581609b9e1f7dde9c41d8cd73f",
    "bmkdata_checksum": "d4c9152ed732e012ca54b6518bf3de93",
    "bmk_checksum": "b6d583102d66a48190c5b38bfef4b58a",
    "containment": "singularity"
  }
}
