{
  "run_info": {
    "copies": 32,
    "threads_per_copy": 1,
    "events_per_thread": 1,
    "extra_arguments": "-ggttgg -dbl -flt -inl0 --cpu"
  },
  "report": {
    "wl-scores": {
      "ggttgg-sa-cpp-d-inl0-best": 0.322754,
      "ggttgg-sa-cpp-d-inl0-none": 0.054337,
      "ggttgg-sa-cpp-f-inl0-best": 0.653572,
      "ggttgg-sa-cpp-f-inl0-none": 0.058019,
      "ggttgg-sa-cpp-d-inl0-sse4": 0.105055,
      "ggttgg-sa-cpp-f-inl0-sse4": 0.214792,
      "ggttgg-sa-cpp-d-inl0-avx2": 0.216152,
      "ggttgg-sa-cpp-f-inl0-avx2": 0.423659,
      "ggttgg-sa-cpp-d-inl0-512y": 0.239049,
      "ggttgg-sa-cpp-f-inl0-512y": 0.468677,
      "ggttgg-sa-cpp-d-inl0-512z": 0.322754,
      "ggttgg-sa-cpp-f-inl0-512z": 0.653572
    },
    "wl-stats": {
      "ggttgg-sa-cpp-d-inl0-best": {
        "avg": 0.010086,
        "median": 0.010162,
        "min": 0.009461,
        "max": 0.010289,
        "count": 32
      },
      "ggttgg-sa-cpp-d-inl0-none": {
        "avg": 0.001698,
        "median": 0.001695,
        "min": 0.001621,
        "max": 0.001757,
        "count": 32
      },
      "ggttgg-sa-cpp-f-inl0-best": {
        "avg": 0.020424,
        "median": 0.020941,
        "min": 0.017414,
        "max": 0.021332,
        "count": 32
      },
      "ggttgg-sa-cpp-f-inl0-none": {
        "avg": 0.001813,
        "median": 0.001816,
        "min": 0.00177,
        "max": 0.001842,
        "count": 32
      },
      "ggttgg-sa-cpp-d-inl0-sse4": {
        "avg": 0.003283,
        "median": 0.003288,
        "min": 0.003063,
        "max": 0.003384,
        "count": 32
      },
      "ggttgg-sa-cpp-f-inl0-sse4": {
        "avg": 0.006712,
        "median": 0.006674,
        "min": 0.006379,
        "max": 0.006887,
        "count": 32
      },
      "ggttgg-sa-cpp-d-inl0-avx2": {
        "avg": 0.006755,
        "median": 0.006768,
        "min": 0.006521,
        "max": 0.006883,
        "count": 32
      },
      "ggttgg-sa-cpp-f-inl0-avx2": {
        "avg": 0.013239,
        "median": 0.013315,
        "min": 0.012198,
        "max": 0.01384,
        "count": 32
      },
      "ggttgg-sa-cpp-d-inl0-512y": {
        "avg": 0.00747,
        "median": 0.007485,
        "min": 0.007212,
        "max": 0.007562,
        "count": 32
      },
      "ggttgg-sa-cpp-f-inl0-512y": {
        "avg": 0.014646,
        "median": 0.014782,
        "min": 0.013898,
        "max": 0.015119,
        "count": 32
      },
      "ggttgg-sa-cpp-d-inl0-512z": {
        "avg": 0.010086,
        "median": 0.010162,
        "min": 0.009461,
        "max": 0.010289,
        "count": 32
      },
      "ggttgg-sa-cpp-f-inl0-512z": {
        "avg": 0.020424,
        "median": 0.020941,
        "min": 0.017414,
        "max": 0.021332,
        "count": 32
      }
    },
    "log": "ok"
  },
  "app": {
    "version": "v0.6",
    "description": "Madgraph5_aMCatNLO madgraph4gpu benchmark (2022)",
    "cvmfs_checksum": "70fb8b581609b9e1f7dde9c41d8cd73f",
    "bmkdata_checksum": "d4c9152ed732e012ca54b6518bf3de93",
    "bmk_checksum": "b6d583102d66a48190c5b38bfef4b58a",
    "containment": "singularity"
  }
}
